


-- Data for table `F16_17_OWNER`
--


INSERT INTO F16_17_OWNER (O_SSN, O_CONTACT, O_NAME, O_ADDR) VALUES(100117147, 2111111111, 'OWNER', '2222 OWNER DR');




-- Data for table `F16_17_PERSON`
--


INSERT INTO F16_17_PERSON (P_SSN, FNAME, MNAME, LNAME, DOB, PHY_ADDR, CONTACT) VALUES(100000001, 'BUNNY', NULL, 'ALLU', '17-NOV-92', '601 SUMMIT AVE ', 2147483647);
INSERT INTO F16_17_PERSON (P_SSN, FNAME, MNAME, LNAME, DOB, PHY_ADDR, CONTACT) VALUES(100000002, 'BUNNY', NULL, 'AB', '18-NOV-92', '602 SUMMIT AVE ', 2147483641);
INSERT INTO F16_17_PERSON (P_SSN, FNAME, MNAME, LNAME, DOB, PHY_ADDR, CONTACT) VALUES(100000003, 'SUNNY', NULL, 'ABC', '17-NOV-91', '603 SUMMIT AVE ', 2147483646);
INSERT INTO F16_17_PERSON (P_SSN, FNAME, MNAME, LNAME, DOB, PHY_ADDR, CONTACT) VALUES(100000004, 'JOHN', NULL, 'ROBB', '17-NOV-82', '604 SUMMIT AVE ', 2147483645);
INSERT INTO F16_17_PERSON (P_SSN, FNAME, MNAME, LNAME, DOB, PHY_ADDR, CONTACT) VALUES(100000005, 'CENA', NULL, 'STARK', '17-NOV-72', '605 SUMMIT AVE ', 2147483644);
INSERT INTO F16_17_PERSON (P_SSN, FNAME, MNAME, LNAME, DOB, PHY_ADDR, CONTACT) VALUES(100000006, 'MAHESH', NULL, 'AMC', '17-NOV-62', '606 SUMMIT AVE ', 2147483643);
INSERT INTO F16_17_PERSON (P_SSN, FNAME, MNAME, LNAME, DOB, PHY_ADDR, CONTACT) VALUES(100000007, 'KALYAN', NULL, 'CAM', '17-NOV-72', '607 SUMMIT AVE ', 2147483642);
INSERT INTO F16_17_PERSON (P_SSN, FNAME, MNAME, LNAME, DOB, PHY_ADDR, CONTACT) VALUES(200000001, 'EMP1', NULL, 'L1', '17-NOV-92', '601 EMP AVE ', 2047483647);
INSERT INTO F16_17_PERSON (P_SSN, FNAME, MNAME, LNAME, DOB, PHY_ADDR, CONTACT) VALUES(200000002, 'EMP2', NULL, 'L2', '17-NOV-52', '602 EMP AVE ', 2047483641);
INSERT INTO F16_17_PERSON (P_SSN, FNAME, MNAME, LNAME, DOB, PHY_ADDR, CONTACT) VALUES(200000003, 'EMP3', NULL, 'L3', '17-NOV-62', '603 EMP AVE ', 2047483646);
INSERT INTO F16_17_PERSON (P_SSN, FNAME, MNAME, LNAME, DOB, PHY_ADDR, CONTACT) VALUES(200000004, 'EMP4', NULL, 'L4', '17-NOV-42', '604 EMP AVE ', 2047483645);
INSERT INTO F16_17_PERSON (P_SSN, FNAME, MNAME, LNAME, DOB, PHY_ADDR, CONTACT) VALUES(200000005, 'EMP5', NULL, 'L5', '17-NOV-92', '605 EMP AVE ', 2047483644);
INSERT INTO F16_17_PERSON (P_SSN, FNAME, MNAME, LNAME, DOB, PHY_ADDR, CONTACT) VALUES(200000006, 'EMP6', NULL, 'L6', '17-NOV-92', '606 EMP AVE ', 2047483643);
INSERT INTO F16_17_PERSON (P_SSN, FNAME, MNAME, LNAME, DOB, PHY_ADDR, CONTACT) VALUES(200000007, 'EMP7', NULL, 'L7', '17-NOV-92', '607 EMP AVE ', 2047483642);
INSERT INTO F16_17_PERSON (P_SSN, FNAME, MNAME, LNAME, DOB, PHY_ADDR, CONTACT) VALUES(200000008, 'EMP8', NULL, 'L8', '17-NOV-92', '405 STREET AVE', 1056456978);






-- Data for table `F16_17_PRODUCT`
--


INSERT INTO F16_17_PRODUCT (PROD_ID, PROD_PRICE, PROD_NAME, RATING) VALUES(5001, 25, 'COVER', 4);
INSERT INTO F16_17_PRODUCT (PROD_ID, PROD_PRICE, PROD_NAME, RATING) VALUES(5002, 25, 'JAM', 4);
INSERT INTO F16_17_PRODUCT (PROD_ID, PROD_PRICE, PROD_NAME, RATING) VALUES(5003, 250, 'IPAD', 3);
INSERT INTO F16_17_PRODUCT (PROD_ID, PROD_PRICE, PROD_NAME, RATING) VALUES(5004, 2500, 'LADDER', 4);
INSERT INTO F16_17_PRODUCT (PROD_ID, PROD_PRICE, PROD_NAME, RATING) VALUES(5005, 29, 'PIN', 4);
INSERT INTO F16_17_PRODUCT (PROD_ID, PROD_PRICE, PROD_NAME, RATING) VALUES(5006, 50, 'FIRE', 4);
INSERT INTO F16_17_PRODUCT (PROD_ID, PROD_PRICE, PROD_NAME, RATING) VALUES(5007, 28, 'HDD', 5);
INSERT INTO F16_17_PRODUCT (PROD_ID, PROD_PRICE, PROD_NAME, RATING) VALUES(5008, 26, 'SSD', 4);
INSERT INTO F16_17_PRODUCT (PROD_ID, PROD_PRICE, PROD_NAME, RATING) VALUES(5009, 23, 'PEN', 5);
INSERT INTO F16_17_PRODUCT (PROD_ID, PROD_PRICE, PROD_NAME, RATING) VALUES(5010, 26, 'PENCIL', 4);
INSERT INTO F16_17_PRODUCT (PROD_ID, PROD_PRICE, PROD_NAME, RATING) VALUES(5011, 27, 'STRAW', 4);
INSERT INTO F16_17_PRODUCT (PROD_ID, PROD_PRICE, PROD_NAME, RATING) VALUES(5012, 250, 'COOLER', 3);
INSERT INTO F16_17_PRODUCT (PROD_ID, PROD_PRICE, PROD_NAME, RATING) VALUES(5013, 278, 'FAN', 4);
INSERT INTO F16_17_PRODUCT (PROD_ID, PROD_PRICE, PROD_NAME, RATING) VALUES(5014, 124, 'IPHONE', 4);






-- Data for table `F16_17_CUSTOMER`
--


INSERT INTO F16_17_CUSTOMER (SSN, CUST_ID) VALUES(100000001, 1001);
INSERT INTO F16_17_CUSTOMER (SSN, CUST_ID) VALUES(100000002, 1002);
INSERT INTO F16_17_CUSTOMER (SSN, CUST_ID) VALUES(100000003, 1003);
INSERT INTO F16_17_CUSTOMER (SSN, CUST_ID) VALUES(100000004, 1004);
INSERT INTO F16_17_CUSTOMER (SSN, CUST_ID) VALUES(100000005, 1005);
INSERT INTO F16_17_CUSTOMER (SSN, CUST_ID) VALUES(100000006, 1006);
INSERT INTO F16_17_CUSTOMER (SSN, CUST_ID) VALUES(100000007, 1007);





-- Data for table `F16_17_WAREHOUSE`
--


INSERT INTO F16_17_WAREHOUSE (W_ID, W_CONTACT, W_NAME, W_LOCATION, O_SSN) VALUES(1, 1001001001, 'ARLINGTON', '1234 ARLINGTON DR', 100117147);
INSERT INTO F16_17_WAREHOUSE (W_ID, W_CONTACT, W_NAME, W_LOCATION, O_SSN) VALUES(2, 1001001002, 'IRVING', '1234 IRVING DR', 100117147);
INSERT INTO F16_17_WAREHOUSE (W_ID, W_CONTACT, W_NAME, W_LOCATION, O_SSN) VALUES(3, 1001001003, 'FORTWORTH', '1234 FORTWORTH DR', 100117147);
INSERT INTO F16_17_WAREHOUSE (W_ID, W_CONTACT, W_NAME, W_LOCATION, O_SSN) VALUES(4, 1001001004, 'MANSFIELD', '1234 MANSFIELD DR', 100117147);
INSERT INTO F16_17_WAREHOUSE (W_ID, W_CONTACT, W_NAME, W_LOCATION, O_SSN) VALUES(5, 1001001005, 'COPPEL', '1234 COPPELL DR', 100117147);
INSERT INTO F16_17_WAREHOUSE (W_ID, W_CONTACT, W_NAME, W_LOCATION, O_SSN) VALUES(6, 1001001006, 'GRAPEVINE', '1234 GRAPEVINE DR', 100117147);
INSERT INTO F16_17_WAREHOUSE (W_ID, W_CONTACT, W_NAME, W_LOCATION, O_SSN) VALUES(7, 1001001007, 'AUSTIN', '1234 AUSTIN DR', 100117147);





-- Data for table `F16_17_SUPPLIER`
--



INSERT INTO F16_17_SUPPLIER (S_ID, S_NAME, S_ADDR, S_CONTACT, S_RATING, O_SSN) VALUES(3001, 'SUPP1', '123 SUMMIT AVE', 1235678490, 4, 100117147);
INSERT INTO F16_17_SUPPLIER (S_ID, S_NAME, S_ADDR, S_CONTACT, S_RATING, O_SSN) VALUES(3002, 'SUPP2', '124 SUMMIT AVE', 1235678491, 4, 100117147);
INSERT INTO F16_17_SUPPLIER (S_ID, S_NAME, S_ADDR, S_CONTACT, S_RATING, O_SSN) VALUES(3003, 'SUPP3', '125 SUMMIT AVE', 1235678492, 5, 100117147);
INSERT INTO F16_17_SUPPLIER (S_ID, S_NAME, S_ADDR, S_CONTACT, S_RATING, O_SSN) VALUES(3004, 'SUPP4', '126 SUMMIT AVE', 1235678493, 3, 100117147);
INSERT INTO F16_17_SUPPLIER (S_ID, S_NAME, S_ADDR, S_CONTACT, S_RATING, O_SSN) VALUES(3005, 'SUPP5', '127 SUMMIT AVE', 1235678494, 3, 100117147);
INSERT INTO F16_17_SUPPLIER (S_ID, S_NAME, S_ADDR, S_CONTACT, S_RATING, O_SSN) VALUES(3006, 'SUPP6', '128 SUMMIT AVE', 1235678495, 4, 100117147);
INSERT INTO F16_17_SUPPLIER (S_ID, S_NAME, S_ADDR, S_CONTACT, S_RATING, O_SSN) VALUES(3007, 'SUPP7', '129 SUMMIT AVE', 1235678496, 4, 100117147);
INSERT INTO F16_17_SUPPLIER (S_ID, S_NAME, S_ADDR, S_CONTACT, S_RATING, O_SSN) VALUES(3008, 'SUPP8', '120 SUMMIT AVE', 1235678497, 5, 100117147);






-- Data for table `F16_17_DELIVERS`
--


INSERT INTO F16_17_DELIVERS (W_ID, S_ID, DELIVERY_TIME, DELIVERY_TYPE, SPROD_ID, SPROD_PRICE, SPROD_QTY) VALUES(1, 3001, '17-NOV-16', 'FEDEX', 5001, 20, 25);
INSERT INTO F16_17_DELIVERS (W_ID, S_ID, DELIVERY_TIME, DELIVERY_TYPE, SPROD_ID, SPROD_PRICE, SPROD_QTY) VALUES(2, 3001, '18-NOV-16', 'UPS', 5002, 20, 26);
INSERT INTO F16_17_DELIVERS (W_ID, S_ID, DELIVERY_TIME, DELIVERY_TYPE, SPROD_ID, SPROD_PRICE, SPROD_QTY) VALUES(2, 3002, '19-NOV-16', 'FEDEX', 5003, 200, 25);
INSERT INTO F16_17_DELIVERS (W_ID, S_ID, DELIVERY_TIME, DELIVERY_TYPE, SPROD_ID, SPROD_PRICE, SPROD_QTY) VALUES(3, 3001, '20-NOV-16', 'FEDEX', 5004, 2000, 3);
INSERT INTO F16_17_DELIVERS (W_ID, S_ID, DELIVERY_TIME, DELIVERY_TYPE, SPROD_ID, SPROD_PRICE, SPROD_QTY) VALUES(3, 3003, '21-NOV-16', 'FEDEX', 5005, 20, 26);
INSERT INTO F16_17_DELIVERS (W_ID, S_ID, DELIVERY_TIME, DELIVERY_TYPE, SPROD_ID, SPROD_PRICE, SPROD_QTY) VALUES(4, 3001, '22-NOV-16', 'FEDEX', 5006, 20, 5);
INSERT INTO F16_17_DELIVERS (W_ID, S_ID, DELIVERY_TIME, DELIVERY_TYPE, SPROD_ID, SPROD_PRICE, SPROD_QTY) VALUES(4, 3004, '23-NOV-16', 'FEDEX', 5006, 18, 2);
INSERT INTO F16_17_DELIVERS (W_ID, S_ID, DELIVERY_TIME, DELIVERY_TYPE, SPROD_ID, SPROD_PRICE, SPROD_QTY) VALUES(5, 3005, '24-NOV-16', 'FEDEX', 5006, 19, 28);
INSERT INTO F16_17_DELIVERS (W_ID, S_ID, DELIVERY_TIME, DELIVERY_TYPE, SPROD_ID, SPROD_PRICE, SPROD_QTY) VALUES(6, 3006, '26-NOV-16', 'UPS', 5006, 20, 23);
INSERT INTO F16_17_DELIVERS (W_ID, S_ID, DELIVERY_TIME, DELIVERY_TYPE, SPROD_ID, SPROD_PRICE, SPROD_QTY) VALUES(7, 3001, '27-NOV-16', 'FEDEX', 5001, 25, 25);
INSERT INTO F16_17_DELIVERS (W_ID, S_ID, DELIVERY_TIME, DELIVERY_TYPE, SPROD_ID, SPROD_PRICE, SPROD_QTY) VALUES(7, 3007, '27-NOV-16', 'FEDEX', 5010, 20, 24);





-- Data for table `F16_17_EMPLOYEE`
--


INSERT INTO F16_17_EMPLOYEE (SSN, EMP_ID, SALARY, WARE_ID) VALUES(200000001, 2001, 60000, 1);
INSERT INTO F16_17_EMPLOYEE (SSN, EMP_ID, SALARY, WARE_ID) VALUES(200000002, 2002, 61000, 2);
INSERT INTO F16_17_EMPLOYEE (SSN, EMP_ID, SALARY, WARE_ID) VALUES(200000003, 2003, 61000, 3);
INSERT INTO F16_17_EMPLOYEE (SSN, EMP_ID, SALARY, WARE_ID) VALUES(200000004, 2004, 60400, 4);
INSERT INTO F16_17_EMPLOYEE (SSN, EMP_ID, SALARY, WARE_ID) VALUES(200000005, 2005, 59000, 5);
INSERT INTO F16_17_EMPLOYEE (SSN, EMP_ID, SALARY, WARE_ID) VALUES(200000006, 2006, 50000, 6);
INSERT INTO F16_17_EMPLOYEE (SSN, EMP_ID, SALARY, WARE_ID) VALUES(200000007, 2007, 20000, 7);





-- Data for table `F16_17_ORDERS`
--


INSERT INTO F16_17_ORDERS (P_SSN, PROD_ID, ORDER_ID, PAY_TYPE, SHIP_ADDR, DELIVERY_STATUS) VALUES(100000001, 5001, 6001, 'DEBIT', '601 BENGE DR', 'DELIVERED');
INSERT INTO F16_17_ORDERS (P_SSN, PROD_ID, ORDER_ID, PAY_TYPE, SHIP_ADDR, DELIVERY_STATUS) VALUES(100000002, 5001, 6008, 'DEBIT', '621 BENGE DR', 'DELIVERED');
INSERT INTO F16_17_ORDERS (P_SSN, PROD_ID, ORDER_ID, PAY_TYPE, SHIP_ADDR, DELIVERY_STATUS) VALUES(100000002, 5002, 6002, 'DEBIT', '602 BENGE DR', 'DELIVERED');
INSERT INTO F16_17_ORDERS (P_SSN, PROD_ID, ORDER_ID, PAY_TYPE, SHIP_ADDR, DELIVERY_STATUS) VALUES(100000003, 5001, 6009, 'DEBIT', '631 BENGE DR', 'DELIVERED');
INSERT INTO F16_17_ORDERS (P_SSN, PROD_ID, ORDER_ID, PAY_TYPE, SHIP_ADDR, DELIVERY_STATUS) VALUES(100000003, 5003, 6003, 'DEBIT', '603 BENGE DR', 'NOT DELIVE');
INSERT INTO F16_17_ORDERS (P_SSN, PROD_ID, ORDER_ID, PAY_TYPE, SHIP_ADDR, DELIVERY_STATUS) VALUES(100000004, 5001, 6010, 'DEBIT', '641 BENGE DR', 'DELIVERED');
INSERT INTO F16_17_ORDERS (P_SSN, PROD_ID, ORDER_ID, PAY_TYPE, SHIP_ADDR, DELIVERY_STATUS) VALUES(100000004, 5004, 6004, 'CREDIT', '604 BENGE DR', 'DELIVERED');
INSERT INTO F16_17_ORDERS (P_SSN, PROD_ID, ORDER_ID, PAY_TYPE, SHIP_ADDR, DELIVERY_STATUS) VALUES(100000005, 5005, 6005, 'DEBIT', '605 BENGE DR', 'DELIVERED');
INSERT INTO F16_17_ORDERS (P_SSN, PROD_ID, ORDER_ID, PAY_TYPE, SHIP_ADDR, DELIVERY_STATUS) VALUES(100000006, 5006, 6006, 'DEBIT', '606 BENGE DR', 'NOT DELIVE');
INSERT INTO F16_17_ORDERS (P_SSN, PROD_ID, ORDER_ID, PAY_TYPE, SHIP_ADDR, DELIVERY_STATUS) VALUES(100000007, 5007, 6007, 'CREDIT', '607 BENGE DR', 'DELIVERED');





-- Data for table `F16_17_STORES`
--


INSERT INTO F16_17_STORES (W_ID, P_ID, P_QUANTITY) VALUES(1, 5001, 25);
INSERT INTO F16_17_STORES (W_ID, P_ID, P_QUANTITY) VALUES(2, 5002, 25);
INSERT INTO F16_17_STORES (W_ID, P_ID, P_QUANTITY) VALUES(2, 5003, 25);
INSERT INTO F16_17_STORES (W_ID, P_ID, P_QUANTITY) VALUES(3, 5003, 250);
INSERT INTO F16_17_STORES (W_ID, P_ID, P_QUANTITY) VALUES(4, 5004, 258);
INSERT INTO F16_17_STORES (W_ID, P_ID, P_QUANTITY) VALUES(5, 5005, 251);
INSERT INTO F16_17_STORES (W_ID, P_ID, P_QUANTITY) VALUES(6, 5006, 24);
INSERT INTO F16_17_STORES (W_ID, P_ID, P_QUANTITY) VALUES(7, 5007, 25);



